company,city,state,source,source_id,provenance_url,naics_code,naics_sector,solar_fit_score,energy_intensity,tax_appetite,recommended_ownership,load_profile,est_system_kw,est_annual_kwh,est_annual_savings_usd,est_net_payback_yrs,est_25yr_npv_p50_usd,sales_script,script_cfo,script_facilities,script_sustainability,pitch_angle
"Hfotco Llc","Houston","TX","epa_ghgrp","epa-1006163","https://ghgdata.epa.gov/ghgp/main.do#/facilityDetail?facilityId=epa-1006163","493120","Warehousing / Cold Storage","96","very_high","corporate","direct_purchase","flat_24_7","2000","3013440","301344","6.6","3442492","We help cold-storage facilities offset up to 40% of their peak refrigeration energy costs without changing operations. Worth a 15-minute call?","Your refrigeration is your single largest opex line item. A rooftop solar system locks in 40% of that cost at a fixed rate for 25 years — with full ITC + MACRS depreciation hitting your balance sheet in year one. Worth 15 minutes to see the model?","We specialize in cold-storage rooftop solar that installs without disrupting your temperature zones. Your roof membrane stays intact, and peak demand charges drop immediately. Can I walk you through how it works on a facility like yours?","Cold storage is one of the highest-emitting commercial verticals — but also one of the easiest to decarbonize with rooftop solar. We can help you cut Scope 2 emissions 30-50% without changing operations. Worth a quick conversation?","Refrigerated warehousing — 2022 EPA GHG Reporter. NAICS 493190. Pre-qualified high-energy solar candidate."
"Galena Park Terminal","Galena Park","TX","epa_ghgrp","epa-1008185","https://ghgdata.epa.gov/ghgp/main.do#/facilityDetail?facilityId=epa-1008185","493120","Warehousing / Cold Storage","96","very_high","corporate","direct_purchase","flat_24_7","2000","3013440","301344","6.6","3442492","We help cold-storage facilities offset up to 40% of their peak refrigeration energy costs without changing operations. Worth a 15-minute call?","Your refrigeration is your single largest opex line item. A rooftop solar system locks in 40% of that cost at a fixed rate for 25 years — with full ITC + MACRS depreciation hitting your balance sheet in year one. Worth 15 minutes to see the model?","We specialize in cold-storage rooftop solar that installs without disrupting your temperature zones. Your roof membrane stays intact, and peak demand charges drop immediately. Can I walk you through how it works on a facility like yours?","Cold storage is one of the highest-emitting commercial verticals — but also one of the easiest to decarbonize with rooftop solar. We can help you cut Scope 2 emissions 30-50% without changing operations. Worth a quick conversation?","Refrigerated warehousing — 2022 EPA GHG Reporter. NAICS 493190. Pre-qualified high-energy solar candidate."
"Bostco Terminal","La Porte","TX","epa_ghgrp","epa-1011817","https://ghgdata.epa.gov/ghgp/main.do#/facilityDetail?facilityId=epa-1011817","493120","Warehousing / Cold Storage","96","very_high","corporate","direct_purchase","flat_24_7","2000","3013440","301344","6.6","3442492","We help cold-storage facilities offset up to 40% of their peak refrigeration energy costs without changing operations. Worth a 15-minute call?","Your refrigeration is your single largest opex line item. A rooftop solar system locks in 40% of that cost at a fixed rate for 25 years — with full ITC + MACRS depreciation hitting your balance sheet in year one. Worth 15 minutes to see the model?","We specialize in cold-storage rooftop solar that installs without disrupting your temperature zones. Your roof membrane stays intact, and peak demand charges drop immediately. Can I walk you through how it works on a facility like yours?","Cold storage is one of the highest-emitting commercial verticals — but also one of the easiest to decarbonize with rooftop solar. We can help you cut Scope 2 emissions 30-50% without changing operations. Worth a quick conversation?","Refrigerated warehousing — 2022 EPA GHG Reporter. NAICS 493190. Pre-qualified high-energy solar candidate."
"Houston Terminal","Houston","TX","epa_ghgrp","epa-1013399","https://ghgdata.epa.gov/ghgp/main.do#/facilityDetail?facilityId=epa-1013399","493120","Warehousing / Cold Storage","96","very_high","corporate","direct_purchase","flat_24_7","2000","3013440","301344","6.6","3442492","We help cold-storage facilities offset up to 40% of their peak refrigeration energy costs without changing operations. Worth a 15-minute call?","Your refrigeration is your single largest opex line item. A rooftop solar system locks in 40% of that cost at a fixed rate for 25 years — with full ITC + MACRS depreciation hitting your balance sheet in year one. Worth 15 minutes to see the model?","We specialize in cold-storage rooftop solar that installs without disrupting your temperature zones. Your roof membrane stays intact, and peak demand charges drop immediately. Can I walk you through how it works on a facility like yours?","Cold storage is one of the highest-emitting commercial verticals — but also one of the easiest to decarbonize with rooftop solar. We can help you cut Scope 2 emissions 30-50% without changing operations. Worth a quick conversation?","Refrigerated warehousing — 2022 EPA GHG Reporter. NAICS 493190. Pre-qualified high-energy solar candidate."
"Beaumont Terminal","Nederland","TX","epa_ghgrp","epa-1013597","https://ghgdata.epa.gov/ghgp/main.do#/facilityDetail?facilityId=epa-1013597","493120","Warehousing / Cold Storage","96","very_high","corporate","direct_purchase","flat_24_7","2000","3013440","301344","6.6","3442492","We help cold-storage facilities offset up to 40% of their peak refrigeration energy costs without changing operations. Worth a 15-minute call?","Your refrigeration is your single largest opex line item. A rooftop solar system locks in 40% of that cost at a fixed rate for 25 years — with full ITC + MACRS depreciation hitting your balance sheet in year one. Worth 15 minutes to see the model?","We specialize in cold-storage rooftop solar that installs without disrupting your temperature zones. Your roof membrane stays intact, and peak demand charges drop immediately. Can I walk you through how it works on a facility like yours?","Cold storage is one of the highest-emitting commercial verticals — but also one of the easiest to decarbonize with rooftop solar. We can help you cut Scope 2 emissions 30-50% without changing operations. Worth a quick conversation?","Refrigerated warehousing — 2022 EPA GHG Reporter. NAICS 493110. Pre-qualified high-energy solar candidate."
"Lineage Logistics — Riverside","Riverside","CA","auto_seed","solar-cs-003","","493120","Warehousing / Cold Storage","96","very_high","corporate","direct_purchase","flat_24_7","2000","3013440","813629","2.4","12663622","We help cold-storage facilities offset up to 40% of their peak refrigeration energy costs without changing operations. Worth a 15-minute call?","Your refrigeration is your single largest opex line item. A rooftop solar system locks in 40% of that cost at a fixed rate for 25 years — with full ITC + MACRS depreciation hitting your balance sheet in year one. Worth 15 minutes to see the model?","We specialize in cold-storage rooftop solar that installs without disrupting your temperature zones. Your roof membrane stays intact, and peak demand charges drop immediately. Can I walk you through how it works on a facility like yours?","Cold storage is one of the highest-emitting commercial verticals — but also one of the easiest to decarbonize with rooftop solar. We can help you cut Scope 2 emissions 30-50% without changing operations. Worth a quick conversation?","Largest cold storage operator in N. America — Inland Empire flagship"
"Kroger DC — Compton","Compton","CA","auto_seed","solar-dist-008","","493120","Warehousing / Cold Storage","96","very_high","corporate","direct_purchase","flat_24_7","2000","3013440","813629","2.4","12663622","We help cold-storage facilities offset up to 40% of their peak refrigeration energy costs without changing operations. Worth a 15-minute call?","Your refrigeration is your single largest opex line item. A rooftop solar system locks in 40% of that cost at a fixed rate for 25 years — with full ITC + MACRS depreciation hitting your balance sheet in year one. Worth 15 minutes to see the model?","We specialize in cold-storage rooftop solar that installs without disrupting your temperature zones. Your roof membrane stays intact, and peak demand charges drop immediately. Can I walk you through how it works on a facility like yours?","Cold storage is one of the highest-emitting commercial verticals — but also one of the easiest to decarbonize with rooftop solar. We can help you cut Scope 2 emissions 30-50% without changing operations. Worth a quick conversation?","Grocery DC — refrigeration heavy, NEM 3.0 → battery pairing essential"
"San Bernardino Cold Chain","San Bernardino","CA","auto_seed","solar-012","","493120","Warehousing / Cold Storage","96","very_high","corporate","direct_purchase","flat_24_7","2000","3013440","813629","2.4","12663622","We help cold-storage facilities offset up to 40% of their peak refrigeration energy costs without changing operations. Worth a 15-minute call?","Your refrigeration is your single largest opex line item. A rooftop solar system locks in 40% of that cost at a fixed rate for 25 years — with full ITC + MACRS depreciation hitting your balance sheet in year one. Worth 15 minutes to see the model?","We specialize in cold-storage rooftop solar that installs without disrupting your temperature zones. Your roof membrane stays intact, and peak demand charges drop immediately. Can I walk you through how it works on a facility like yours?","Cold storage is one of the highest-emitting commercial verticals — but also one of the easiest to decarbonize with rooftop solar. We can help you cut Scope 2 emissions 30-50% without changing operations. Worth a quick conversation?","195,000 sqft cold storage"
"Port Logistics Refrigerated Services","Tampa","FL","osm_industrial","osm-1173515335","https://www.openstreetmap.org/way/osm-1173515335","493120","Warehousing / Cold Storage","96","very_high","corporate","direct_purchase","flat_24_7","2000","3013440","361613","5.5","4527334","We help cold-storage facilities offset up to 40% of their peak refrigeration energy costs without changing operations. Worth a 15-minute call?","Your refrigeration is your single largest opex line item. A rooftop solar system locks in 40% of that cost at a fixed rate for 25 years — with full ITC + MACRS depreciation hitting your balance sheet in year one. Worth 15 minutes to see the model?","We specialize in cold-storage rooftop solar that installs without disrupting your temperature zones. Your roof membrane stays intact, and peak demand charges drop immediately. Can I walk you through how it works on a facility like yours?","Cold storage is one of the highest-emitting commercial verticals — but also one of the easiest to decarbonize with rooftop solar. We can help you cut Scope 2 emissions 30-50% without changing operations. Worth a quick conversation?","Refrigerated_warehouse building. Roof-suitable for rooftop PV. Verify ownership + contact before outreach."
"Gulf Coast Cold Storage","St. Petersburg","FL","auto_seed","solar-020","","493120","Warehousing / Cold Storage","96","very_high","corporate","direct_purchase","flat_24_7","2000","3013440","361613","5.5","4527334","We help cold-storage facilities offset up to 40% of their peak refrigeration energy costs without changing operations. Worth a 15-minute call?","Your refrigeration is your single largest opex line item. A rooftop solar system locks in 40% of that cost at a fixed rate for 25 years — with full ITC + MACRS depreciation hitting your balance sheet in year one. Worth 15 minutes to see the model?","We specialize in cold-storage rooftop solar that installs without disrupting your temperature zones. Your roof membrane stays intact, and peak demand charges drop immediately. Can I walk you through how it works on a facility like yours?","Cold storage is one of the highest-emitting commercial verticals — but also one of the easiest to decarbonize with rooftop solar. We can help you cut Scope 2 emissions 30-50% without changing operations. Worth a quick conversation?","85,000 sqft refrigerated"
"Wegmans — Pittsford","Pittsford","NY","auto_seed","solar-ret-005","","493120","Warehousing / Cold Storage","96","very_high","corporate","direct_purchase","flat_24_7","2000","3013440","632822","2.4","9869096","We help cold-storage facilities offset up to 40% of their peak refrigeration energy costs without changing operations. Worth a 15-minute call?","Your refrigeration is your single largest opex line item. A rooftop solar system locks in 40% of that cost at a fixed rate for 25 years — with full ITC + MACRS depreciation hitting your balance sheet in year one. Worth 15 minutes to see the model?","We specialize in cold-storage rooftop solar that installs without disrupting your temperature zones. Your roof membrane stays intact, and peak demand charges drop immediately. Can I walk you through how it works on a facility like yours?","Cold storage is one of the highest-emitting commercial verticals — but also one of the easiest to decarbonize with rooftop solar. We can help you cut Scope 2 emissions 30-50% without changing operations. Worth a quick conversation?","NY-Sun MW Block + grocery refrigeration"
"Hudson Valley Cold Storage","Newburgh","NY","auto_seed","solar-023","","493120","Warehousing / Cold Storage","96","very_high","corporate","direct_purchase","flat_24_7","2000","3013440","632822","2.4","9869096","We help cold-storage facilities offset up to 40% of their peak refrigeration energy costs without changing operations. Worth a 15-minute call?","Your refrigeration is your single largest opex line item. A rooftop solar system locks in 40% of that cost at a fixed rate for 25 years — with full ITC + MACRS depreciation hitting your balance sheet in year one. Worth 15 minutes to see the model?","We specialize in cold-storage rooftop solar that installs without disrupting your temperature zones. Your roof membrane stays intact, and peak demand charges drop immediately. Can I walk you through how it works on a facility like yours?","Cold storage is one of the highest-emitting commercial verticals — but also one of the easiest to decarbonize with rooftop solar. We can help you cut Scope 2 emissions 30-50% without changing operations. Worth a quick conversation?","95,000 sqft cold storage"
"Sunoco, Inc. (R&S) Eagle Point Facility","Westville","NJ","epa_ghgrp","epa-1001321","https://ghgdata.epa.gov/ghgp/main.do#/facilityDetail?facilityId=epa-1001321","493120","Warehousing / Cold Storage","96","very_high","corporate","direct_purchase","flat_24_7","2000","3013440","512285","","9221130","We help cold-storage facilities offset up to 40% of their peak refrigeration energy costs without changing operations. Worth a 15-minute call?","Your refrigeration is your single largest opex line item. A rooftop solar system locks in 40% of that cost at a fixed rate for 25 years — with full ITC + MACRS depreciation hitting your balance sheet in year one. Worth 15 minutes to see the model?","We specialize in cold-storage rooftop solar that installs without disrupting your temperature zones. Your roof membrane stays intact, and peak demand charges drop immediately. Can I walk you through how it works on a facility like yours?","Cold storage is one of the highest-emitting commercial verticals — but also one of the easiest to decarbonize with rooftop solar. We can help you cut Scope 2 emissions 30-50% without changing operations. Worth a quick conversation?","Refrigerated warehousing — 2022 EPA GHG Reporter. NAICS 493190. Pre-qualified high-energy solar candidate."
"Buckeye Port Reading Terminal","Pt. Reading","NJ","epa_ghgrp","epa-1007595","https://ghgdata.epa.gov/ghgp/main.do#/facilityDetail?facilityId=epa-1007595","493120","Warehousing / Cold Storage","96","very_high","corporate","direct_purchase","flat_24_7","2000","3013440","512285","","9221130","We help cold-storage facilities offset up to 40% of their peak refrigeration energy costs without changing operations. Worth a 15-minute call?","Your refrigeration is your single largest opex line item. A rooftop solar system locks in 40% of that cost at a fixed rate for 25 years — with full ITC + MACRS depreciation hitting your balance sheet in year one. Worth 15 minutes to see the model?","We specialize in cold-storage rooftop solar that installs without disrupting your temperature zones. Your roof membrane stays intact, and peak demand charges drop immediately. Can I walk you through how it works on a facility like yours?","Cold storage is one of the highest-emitting commercial verticals — but also one of the easiest to decarbonize with rooftop solar. We can help you cut Scope 2 emissions 30-50% without changing operations. Worth a quick conversation?","Refrigerated warehousing — 2022 EPA GHG Reporter. NAICS 493190. Pre-qualified high-energy solar candidate."
"US Cold Storage — Vineland","Vineland","NJ","auto_seed","solar-cs-004","","493120","Warehousing / Cold Storage","96","very_high","corporate","direct_purchase","flat_24_7","2000","3013440","512285","","9221130","We help cold-storage facilities offset up to 40% of their peak refrigeration energy costs without changing operations. Worth a 15-minute call?","Your refrigeration is your single largest opex line item. A rooftop solar system locks in 40% of that cost at a fixed rate for 25 years — with full ITC + MACRS depreciation hitting your balance sheet in year one. Worth 15 minutes to see the model?","We specialize in cold-storage rooftop solar that installs without disrupting your temperature zones. Your roof membrane stays intact, and peak demand charges drop immediately. Can I walk you through how it works on a facility like yours?","Cold storage is one of the highest-emitting commercial verticals — but also one of the easiest to decarbonize with rooftop solar. We can help you cut Scope 2 emissions 30-50% without changing operations. Worth a quick conversation?","NJ TREC + ITC stack — refrigerated warehouse with battery-pairing opportunity"
"Americold Logistics — Tolleson","Tolleson","AZ","auto_seed","solar-cs-001","","493120","Warehousing / Cold Storage","96","very_high","corporate","direct_purchase","flat_24_7","2000","3013440","391747","5.1","5069746","We help cold-storage facilities offset up to 40% of their peak refrigeration energy costs without changing operations. Worth a 15-minute call?","Your refrigeration is your single largest opex line item. A rooftop solar system locks in 40% of that cost at a fixed rate for 25 years — with full ITC + MACRS depreciation hitting your balance sheet in year one. Worth 15 minutes to see the model?","We specialize in cold-storage rooftop solar that installs without disrupting your temperature zones. Your roof membrane stays intact, and peak demand charges drop immediately. Can I walk you through how it works on a facility like yours?","Cold storage is one of the highest-emitting commercial verticals — but also one of the easiest to decarbonize with rooftop solar. We can help you cut Scope 2 emissions 30-50% without changing operations. Worth a quick conversation?","220,000 sqft cold storage — APS commercial rate, 24/7 refrigeration load"
"Sunbelt Cold Storage","Tolleson","AZ","auto_seed","solar-002","","493120","Warehousing / Cold Storage","96","very_high","corporate","direct_purchase","flat_24_7","2000","3013440","391747","5.1","5069746","We help cold-storage facilities offset up to 40% of their peak refrigeration energy costs without changing operations. Worth a 15-minute call?","Your refrigeration is your single largest opex line item. A rooftop solar system locks in 40% of that cost at a fixed rate for 25 years — with full ITC + MACRS depreciation hitting your balance sheet in year one. Worth 15 minutes to see the model?","We specialize in cold-storage rooftop solar that installs without disrupting your temperature zones. Your roof membrane stays intact, and peak demand charges drop immediately. Can I walk you through how it works on a facility like yours?","Cold storage is one of the highest-emitting commercial verticals — but also one of the easiest to decarbonize with rooftop solar. We can help you cut Scope 2 emissions 30-50% without changing operations. Worth a quick conversation?","24/7 refrigeration load + membrane roof"
"Energy Transfer Marketing & Terminals L.P. - Marcus Hook Terminal","Marcus Hook","PA","epa_ghgrp","epa-1002611","https://ghgdata.epa.gov/ghgp/main.do#/facilityDetail?facilityId=epa-1002611","493120","Warehousing / Cold Storage","96","very_high","corporate","direct_purchase","flat_24_7","2000","3013440","391747","5.1","5069746","We help cold-storage facilities offset up to 40% of their peak refrigeration energy costs without changing operations. Worth a 15-minute call?","Your refrigeration is your single largest opex line item. A rooftop solar system locks in 40% of that cost at a fixed rate for 25 years — with full ITC + MACRS depreciation hitting your balance sheet in year one. Worth 15 minutes to see the model?","We specialize in cold-storage rooftop solar that installs without disrupting your temperature zones. Your roof membrane stays intact, and peak demand charges drop immediately. Can I walk you through how it works on a facility like yours?","Cold storage is one of the highest-emitting commercial verticals — but also one of the easiest to decarbonize with rooftop solar. We can help you cut Scope 2 emissions 30-50% without changing operations. Worth a quick conversation?","Refrigerated warehousing — 2022 EPA GHG Reporter. NAICS 493190. Pre-qualified high-energy solar candidate."
"Americold Logistics — Atlanta","Atlanta","GA","auto_seed","solar-cs-002","","493120","Warehousing / Cold Storage","96","very_high","corporate","direct_purchase","flat_24_7","2000","3013440","391747","5.1","5069746","We help cold-storage facilities offset up to 40% of their peak refrigeration energy costs without changing operations. Worth a 15-minute call?","Your refrigeration is your single largest opex line item. A rooftop solar system locks in 40% of that cost at a fixed rate for 25 years — with full ITC + MACRS depreciation hitting your balance sheet in year one. Worth 15 minutes to see the model?","We specialize in cold-storage rooftop solar that installs without disrupting your temperature zones. Your roof membrane stays intact, and peak demand charges drop immediately. Can I walk you through how it works on a facility like yours?","Cold storage is one of the highest-emitting commercial verticals — but also one of the easiest to decarbonize with rooftop solar. We can help you cut Scope 2 emissions 30-50% without changing operations. Worth a quick conversation?","320,000 sqft refrigerated distribution — Georgia Power commercial demand"
"Valley Data Center West","Goodyear","AZ","auto_seed","solar-005","","518210","Information / Data Centers","95","very_high","corporate","direct_purchase","flat_24_7","960","1446451","188039","5.6","2333358","Your colo tenants are likely already asking about a renewable PPA — we can structure one without you owning the asset. Quick call?","A solar PPA lets you lock in below-grid power rates for your data center with zero capex — and it satisfies the renewable-energy clauses in your enterprise tenant SLAs. Can I send you a term sheet?","We design rooftop + carport solar specifically for data center thermal profiles — generation peaks exactly when cooling load peaks. No roof penetrations required. Quick call to review your facility layout?","Enterprise tenants are demanding 100% renewable sourcing as a contract condition. A behind-the-meter PPA gets you there without carbon offsets or RECs. Want to see how it maps to your Scope 2 reporting?","Colocation customers demanding green PPA"
"Lee Fasteners","San Gabriel","CA","osm_industrial","osm-25205961","https://www.openstreetmap.org/way/osm-25205961","493110","Warehousing / Cold Storage","84","moderate","corporate","direct_purchase","daytime_peak","2000","3013440","813629","2.4","12663622","Distribution centers are the easiest commercial solar installs we do — large clear flat roofs, ground-level interconnect.","Large flat-roof warehouses have the lowest $/W install cost in commercial solar — we typically see 4-year payback after ITC + MACRS. Worth a quick site-specific estimate?","Your roof is the ideal solar substrate — large, flat, unobstructed. We install without disrupting warehouse operations and connect at ground-level switchgear. Quick call to walk through the layout?","Warehouse Scope 2 emissions are an easy win — your flat-roof footprint generates enough solar to offset 60-80% of your grid consumption with zero operational changes.","Warehouse building. Roof-suitable for rooftop PV. Verify ownership + contact before outreach."
"Asian Youth Center","San Gabriel","CA","osm_industrial","osm-25205966","https://www.openstreetmap.org/way/osm-25205966","493110","Warehousing / Cold Storage","84","moderate","corporate","direct_purchase","daytime_peak","2000","3013440","813629","2.4","12663622","Distribution centers are the easiest commercial solar installs we do — large clear flat roofs, ground-level interconnect.","Large flat-roof warehouses have the lowest $/W install cost in commercial solar — we typically see 4-year payback after ITC + MACRS. Worth a quick site-specific estimate?","Your roof is the ideal solar substrate — large, flat, unobstructed. We install without disrupting warehouse operations and connect at ground-level switchgear. Quick call to walk through the layout?","Warehouse Scope 2 emissions are an easy win — your flat-roof footprint generates enough solar to offset 60-80% of your grid consumption with zero operational changes.","Warehouse building. Roof-suitable for rooftop PV. Verify ownership + contact before outreach."
"709","Miami-Dade","FL","osm_industrial","osm-43689272","https://www.openstreetmap.org/way/osm-43689272","493110","Warehousing / Cold Storage","84","moderate","corporate","direct_purchase","daytime_peak","2000","3013440","361613","5.5","4527334","Distribution centers are the easiest commercial solar installs we do — large clear flat roofs, ground-level interconnect.","Large flat-roof warehouses have the lowest $/W install cost in commercial solar — we typically see 4-year payback after ITC + MACRS. Worth a quick site-specific estimate?","Your roof is the ideal solar substrate — large, flat, unobstructed. We install without disrupting warehouse operations and connect at ground-level switchgear. Quick call to walk through the layout?","Warehouse Scope 2 emissions are an easy win — your flat-roof footprint generates enough solar to offset 60-80% of your grid consumption with zero operational changes.","Warehouse building. Roof-suitable for rooftop PV. Verify ownership + contact before outreach."
"711","Miami-Dade","FL","osm_industrial","osm-43689289","https://www.openstreetmap.org/way/osm-43689289","493110","Warehousing / Cold Storage","84","moderate","corporate","direct_purchase","daytime_peak","2000","3013440","361613","5.5","4527334","Distribution centers are the easiest commercial solar installs we do — large clear flat roofs, ground-level interconnect.","Large flat-roof warehouses have the lowest $/W install cost in commercial solar — we typically see 4-year payback after ITC + MACRS. Worth a quick site-specific estimate?","Your roof is the ideal solar substrate — large, flat, unobstructed. We install without disrupting warehouse operations and connect at ground-level switchgear. Quick call to walk through the layout?","Warehouse Scope 2 emissions are an easy win — your flat-roof footprint generates enough solar to offset 60-80% of your grid consumption with zero operational changes.","Warehouse building. Roof-suitable for rooftop PV. Verify ownership + contact before outreach."
"712","Miami-Dade","FL","osm_industrial","osm-43689296","https://www.openstreetmap.org/way/osm-43689296","493110","Warehousing / Cold Storage","84","moderate","corporate","direct_purchase","daytime_peak","2000","3013440","361613","5.5","4527334","Distribution centers are the easiest commercial solar installs we do — large clear flat roofs, ground-level interconnect.","Large flat-roof warehouses have the lowest $/W install cost in commercial solar — we typically see 4-year payback after ITC + MACRS. Worth a quick site-specific estimate?","Your roof is the ideal solar substrate — large, flat, unobstructed. We install without disrupting warehouse operations and connect at ground-level switchgear. Quick call to walk through the layout?","Warehouse Scope 2 emissions are an easy win — your flat-roof footprint generates enough solar to offset 60-80% of your grid consumption with zero operational changes.","Warehouse building. Roof-suitable for rooftop PV. Verify ownership + contact before outreach."
"River Terminal Development","Ny-Nj Port","NY","osm_industrial","osm-39836013","https://www.openstreetmap.org/way/osm-39836013","493110","Warehousing / Cold Storage","84","moderate","corporate","direct_purchase","daytime_peak","2000","3013440","632822","2.4","9869096","Distribution centers are the easiest commercial solar installs we do — large clear flat roofs, ground-level interconnect.","Large flat-roof warehouses have the lowest $/W install cost in commercial solar — we typically see 4-year payback after ITC + MACRS. Worth a quick site-specific estimate?","Your roof is the ideal solar substrate — large, flat, unobstructed. We install without disrupting warehouse operations and connect at ground-level switchgear. Quick call to walk through the layout?","Warehouse Scope 2 emissions are an easy win — your flat-roof footprint generates enough solar to offset 60-80% of your grid consumption with zero operational changes.","Warehouse building. Roof-suitable for rooftop PV. Verify ownership + contact before outreach."
"River Terminal Development","Ny-Nj Port","NY","osm_industrial","osm-39836035","https://www.openstreetmap.org/way/osm-39836035","493110","Warehousing / Cold Storage","84","moderate","corporate","direct_purchase","daytime_peak","2000","3013440","632822","2.4","9869096","Distribution centers are the easiest commercial solar installs we do — large clear flat roofs, ground-level interconnect.","Large flat-roof warehouses have the lowest $/W install cost in commercial solar — we typically see 4-year payback after ITC + MACRS. Worth a quick site-specific estimate?","Your roof is the ideal solar substrate — large, flat, unobstructed. We install without disrupting warehouse operations and connect at ground-level switchgear. Quick call to walk through the layout?","Warehouse Scope 2 emissions are an easy win — your flat-roof footprint generates enough solar to offset 60-80% of your grid consumption with zero operational changes.","Warehouse building. Roof-suitable for rooftop PV. Verify ownership + contact before outreach."
"United States Postal Service","Ny-Nj Port","NY","osm_industrial","osm-40136589","https://www.openstreetmap.org/way/osm-40136589","493110","Warehousing / Cold Storage","84","moderate","corporate","direct_purchase","daytime_peak","2000","3013440","632822","2.4","9869096","Distribution centers are the easiest commercial solar installs we do — large clear flat roofs, ground-level interconnect.","Large flat-roof warehouses have the lowest $/W install cost in commercial solar — we typically see 4-year payback after ITC + MACRS. Worth a quick site-specific estimate?","Your roof is the ideal solar substrate — large, flat, unobstructed. We install without disrupting warehouse operations and connect at ground-level switchgear. Quick call to walk through the layout?","Warehouse Scope 2 emissions are an easy win — your flat-roof footprint generates enough solar to offset 60-80% of your grid consumption with zero operational changes.","Warehouse building. Roof-suitable for rooftop PV. Verify ownership + contact before outreach."
"Cvs Distribution Center","Nj-Phila Port","NJ","osm_industrial","osm-31068729","https://www.openstreetmap.org/way/osm-31068729","493110","Warehousing / Cold Storage","84","moderate","corporate","direct_purchase","daytime_peak","2000","3013440","512285","","9221130","Distribution centers are the easiest commercial solar installs we do — large clear flat roofs, ground-level interconnect.","Large flat-roof warehouses have the lowest $/W install cost in commercial solar — we typically see 4-year payback after ITC + MACRS. Worth a quick site-specific estimate?","Your roof is the ideal solar substrate — large, flat, unobstructed. We install without disrupting warehouse operations and connect at ground-level switchgear. Quick call to walk through the layout?","Warehouse Scope 2 emissions are an easy win — your flat-roof footprint generates enough solar to offset 60-80% of your grid consumption with zero operational changes.","Warehouse building. Roof-suitable for rooftop PV. Verify ownership + contact before outreach."
"Radwell International","Nj-Phila Port","NJ","osm_industrial","osm-31068746","https://www.openstreetmap.org/way/osm-31068746","493110","Warehousing / Cold Storage","84","moderate","corporate","direct_purchase","daytime_peak","2000","3013440","512285","","9221130","Distribution centers are the easiest commercial solar installs we do — large clear flat roofs, ground-level interconnect.","Large flat-roof warehouses have the lowest $/W install cost in commercial solar — we typically see 4-year payback after ITC + MACRS. Worth a quick site-specific estimate?","Your roof is the ideal solar substrate — large, flat, unobstructed. We install without disrupting warehouse operations and connect at ground-level switchgear. Quick call to walk through the layout?","Warehouse Scope 2 emissions are an easy win — your flat-roof footprint generates enough solar to offset 60-80% of your grid consumption with zero operational changes.","Warehouse building. Roof-suitable for rooftop PV. Verify ownership + contact before outreach."
"Circle K Distribution Center","Phoenix","AZ","osm_industrial","osm-124190125","https://www.openstreetmap.org/way/osm-124190125","493110","Warehousing / Cold Storage","84","moderate","corporate","direct_purchase","daytime_peak","2000","3013440","391747","5.1","5069746","Distribution centers are the easiest commercial solar installs we do — large clear flat roofs, ground-level interconnect.","Large flat-roof warehouses have the lowest $/W install cost in commercial solar — we typically see 4-year payback after ITC + MACRS. Worth a quick site-specific estimate?","Your roof is the ideal solar substrate — large, flat, unobstructed. We install without disrupting warehouse operations and connect at ground-level switchgear. Quick call to walk through the layout?","Warehouse Scope 2 emissions are an easy win — your flat-roof footprint generates enough solar to offset 60-80% of your grid consumption with zero operational changes.","Warehouse building. Roof-suitable for rooftop PV. Verify ownership + contact before outreach."
"Danby Factory Warehouse","Tolleson","AZ","osm_industrial","osm-124196519","https://www.openstreetmap.org/way/osm-124196519","493110","Warehousing / Cold Storage","84","moderate","corporate","direct_purchase","daytime_peak","2000","3013440","391747","5.1","5069746","Distribution centers are the easiest commercial solar installs we do — large clear flat roofs, ground-level interconnect.","Large flat-roof warehouses have the lowest $/W install cost in commercial solar — we typically see 4-year payback after ITC + MACRS. Worth a quick site-specific estimate?","Your roof is the ideal solar substrate — large, flat, unobstructed. We install without disrupting warehouse operations and connect at ground-level switchgear. Quick call to walk through the layout?","Warehouse Scope 2 emissions are an easy win — your flat-roof footprint generates enough solar to offset 60-80% of your grid consumption with zero operational changes.","Warehouse building. Roof-suitable for rooftop PV. Verify ownership + contact before outreach."
"Extra Space Storage","Philadelphia","PA","osm_industrial","osm-213271554","https://www.openstreetmap.org/way/osm-213271554","493110","Warehousing / Cold Storage","84","moderate","corporate","direct_purchase","daytime_peak","2000","3013440","391747","5.1","5069746","Distribution centers are the easiest commercial solar installs we do — large clear flat roofs, ground-level interconnect.","Large flat-roof warehouses have the lowest $/W install cost in commercial solar — we typically see 4-year payback after ITC + MACRS. Worth a quick site-specific estimate?","Your roof is the ideal solar substrate — large, flat, unobstructed. We install without disrupting warehouse operations and connect at ground-level switchgear. Quick call to walk through the layout?","Warehouse Scope 2 emissions are an easy win — your flat-roof footprint generates enough solar to offset 60-80% of your grid consumption with zero operational changes.","Warehouse building. Roof-suitable for rooftop PV. Verify ownership + contact before outreach."
"Philadelphia Housing Authority Central Warehouse","Philadelphia","PA","osm_industrial","osm-348218109","https://www.openstreetmap.org/way/osm-348218109","493110","Warehousing / Cold Storage","84","moderate","corporate","direct_purchase","daytime_peak","2000","3013440","391747","5.1","5069746","Distribution centers are the easiest commercial solar installs we do — large clear flat roofs, ground-level interconnect.","Large flat-roof warehouses have the lowest $/W install cost in commercial solar — we typically see 4-year payback after ITC + MACRS. Worth a quick site-specific estimate?","Your roof is the ideal solar substrate — large, flat, unobstructed. We install without disrupting warehouse operations and connect at ground-level switchgear. Quick call to walk through the layout?","Warehouse Scope 2 emissions are an easy win — your flat-roof footprint generates enough solar to offset 60-80% of your grid consumption with zero operational changes.","Warehouse building. Roof-suitable for rooftop PV. Verify ownership + contact before outreach."
"Verizon","Philadelphia","PA","osm_industrial","osm-560589120","https://www.openstreetmap.org/way/osm-560589120","493110","Warehousing / Cold Storage","84","moderate","corporate","direct_purchase","daytime_peak","2000","3013440","391747","5.1","5069746","Distribution centers are the easiest commercial solar installs we do — large clear flat roofs, ground-level interconnect.","Large flat-roof warehouses have the lowest $/W install cost in commercial solar — we typically see 4-year payback after ITC + MACRS. Worth a quick site-specific estimate?","Your roof is the ideal solar substrate — large, flat, unobstructed. We install without disrupting warehouse operations and connect at ground-level switchgear. Quick call to walk through the layout?","Warehouse Scope 2 emissions are an easy win — your flat-roof footprint generates enough solar to offset 60-80% of your grid consumption with zero operational changes.","Warehouse building. Roof-suitable for rooftop PV. Verify ownership + contact before outreach."
"Fedex","King Of Prussia","PA","osm_industrial","osm-592821155","https://www.openstreetmap.org/way/osm-592821155","493110","Warehousing / Cold Storage","84","moderate","corporate","direct_purchase","daytime_peak","2000","3013440","391747","5.1","5069746","Distribution centers are the easiest commercial solar installs we do — large clear flat roofs, ground-level interconnect.","Large flat-roof warehouses have the lowest $/W install cost in commercial solar — we typically see 4-year payback after ITC + MACRS. Worth a quick site-specific estimate?","Your roof is the ideal solar substrate — large, flat, unobstructed. We install without disrupting warehouse operations and connect at ground-level switchgear. Quick call to walk through the layout?","Warehouse Scope 2 emissions are an easy win — your flat-roof footprint generates enough solar to offset 60-80% of your grid consumption with zero operational changes.","Warehouse building. Roof-suitable for rooftop PV. Verify ownership + contact before outreach."
"Graybar","Valley View","OH","osm_industrial","osm-98114659","https://www.openstreetmap.org/way/osm-98114659","493110","Warehousing / Cold Storage","84","moderate","corporate","direct_purchase","daytime_peak","2000","3013440","361613","5.5","4527334","Distribution centers are the easiest commercial solar installs we do — large clear flat roofs, ground-level interconnect.","Large flat-roof warehouses have the lowest $/W install cost in commercial solar — we typically see 4-year payback after ITC + MACRS. Worth a quick site-specific estimate?","Your roof is the ideal solar substrate — large, flat, unobstructed. We install without disrupting warehouse operations and connect at ground-level switchgear. Quick call to walk through the layout?","Warehouse Scope 2 emissions are an easy win — your flat-roof footprint generates enough solar to offset 60-80% of your grid consumption with zero operational changes.","Warehouse building. Roof-suitable for rooftop PV. Verify ownership + contact before outreach."
"Warehouse 26","Cleveland","OH","osm_industrial","osm-180702262","https://www.openstreetmap.org/way/osm-180702262","493110","Warehousing / Cold Storage","84","moderate","corporate","direct_purchase","daytime_peak","2000","3013440","361613","5.5","4527334","Distribution centers are the easiest commercial solar installs we do — large clear flat roofs, ground-level interconnect.","Large flat-roof warehouses have the lowest $/W install cost in commercial solar — we typically see 4-year payback after ITC + MACRS. Worth a quick site-specific estimate?","Your roof is the ideal solar substrate — large, flat, unobstructed. We install without disrupting warehouse operations and connect at ground-level switchgear. Quick call to walk through the layout?","Warehouse Scope 2 emissions are an easy win — your flat-roof footprint generates enough solar to offset 60-80% of your grid consumption with zero operational changes.","Warehouse building. Roof-suitable for rooftop PV. Verify ownership + contact before outreach."
"Warehouse A","Cleveland","OH","osm_industrial","osm-333522182","https://www.openstreetmap.org/way/osm-333522182","493110","Warehousing / Cold Storage","84","moderate","corporate","direct_purchase","daytime_peak","2000","3013440","361613","5.5","4527334","Distribution centers are the easiest commercial solar installs we do — large clear flat roofs, ground-level interconnect.","Large flat-roof warehouses have the lowest $/W install cost in commercial solar — we typically see 4-year payback after ITC + MACRS. Worth a quick site-specific estimate?","Your roof is the ideal solar substrate — large, flat, unobstructed. We install without disrupting warehouse operations and connect at ground-level switchgear. Quick call to walk through the layout?","Warehouse Scope 2 emissions are an easy win — your flat-roof footprint generates enough solar to offset 60-80% of your grid consumption with zero operational changes.","Warehouse building. Roof-suitable for rooftop PV. Verify ownership + contact before outreach."
"Warehouse 24","Cleveland","OH","osm_industrial","osm-396113317","https://www.openstreetmap.org/way/osm-396113317","493110","Warehousing / Cold Storage","84","moderate","corporate","direct_purchase","daytime_peak","2000","3013440","361613","5.5","4527334","Distribution centers are the easiest commercial solar installs we do — large clear flat roofs, ground-level interconnect.","Large flat-roof warehouses have the lowest $/W install cost in commercial solar — we typically see 4-year payback after ITC + MACRS. Worth a quick site-specific estimate?","Your roof is the ideal solar substrate — large, flat, unobstructed. We install without disrupting warehouse operations and connect at ground-level switchgear. Quick call to walk through the layout?","Warehouse Scope 2 emissions are an easy win — your flat-roof footprint generates enough solar to offset 60-80% of your grid consumption with zero operational changes.","Warehouse building. Roof-suitable for rooftop PV. Verify ownership + contact before outreach."
"Hoban Pest Control","Avon Lake","OH","osm_industrial","osm-494301528","https://www.openstreetmap.org/way/osm-494301528","493110","Warehousing / Cold Storage","84","moderate","corporate","direct_purchase","daytime_peak","2000","3013440","361613","5.5","4527334","Distribution centers are the easiest commercial solar installs we do — large clear flat roofs, ground-level interconnect.","Large flat-roof warehouses have the lowest $/W install cost in commercial solar — we typically see 4-year payback after ITC + MACRS. Worth a quick site-specific estimate?","Your roof is the ideal solar substrate — large, flat, unobstructed. We install without disrupting warehouse operations and connect at ground-level switchgear. Quick call to walk through the layout?","Warehouse Scope 2 emissions are an easy win — your flat-roof footprint generates enough solar to offset 60-80% of your grid consumption with zero operational changes.","Warehouse building. Roof-suitable for rooftop PV. Verify ownership + contact before outreach."
"Cardinal Health","Aurora","IL","osm_industrial","osm-25484574","https://www.openstreetmap.org/way/osm-25484574","493110","Warehousing / Cold Storage","84","moderate","corporate","direct_purchase","daytime_peak","2000","3013440","331478","1.1","5594604","Distribution centers are the easiest commercial solar installs we do — large clear flat roofs, ground-level interconnect.","Large flat-roof warehouses have the lowest $/W install cost in commercial solar — we typically see 4-year payback after ITC + MACRS. Worth a quick site-specific estimate?","Your roof is the ideal solar substrate — large, flat, unobstructed. We install without disrupting warehouse operations and connect at ground-level switchgear. Quick call to walk through the layout?","Warehouse Scope 2 emissions are an easy win — your flat-roof footprint generates enough solar to offset 60-80% of your grid consumption with zero operational changes.","Warehouse building. Roof-suitable for rooftop PV. Verify ownership + contact before outreach."
"Menlo Worldwide Logistics","Chicago","IL","osm_industrial","osm-25484593","https://www.openstreetmap.org/way/osm-25484593","493110","Warehousing / Cold Storage","84","moderate","corporate","direct_purchase","daytime_peak","2000","3013440","331478","1.1","5594604","Distribution centers are the easiest commercial solar installs we do — large clear flat roofs, ground-level interconnect.","Large flat-roof warehouses have the lowest $/W install cost in commercial solar — we typically see 4-year payback after ITC + MACRS. Worth a quick site-specific estimate?","Your roof is the ideal solar substrate — large, flat, unobstructed. We install without disrupting warehouse operations and connect at ground-level switchgear. Quick call to walk through the layout?","Warehouse Scope 2 emissions are an easy win — your flat-roof footprint generates enough solar to offset 60-80% of your grid consumption with zero operational changes.","Warehouse building. Roof-suitable for rooftop PV. Verify ownership + contact before outreach."
"Peerless Av","Aurora","IL","osm_industrial","osm-26133801","https://www.openstreetmap.org/way/osm-26133801","493110","Warehousing / Cold Storage","84","moderate","corporate","direct_purchase","daytime_peak","2000","3013440","331478","1.1","5594604","Distribution centers are the easiest commercial solar installs we do — large clear flat roofs, ground-level interconnect.","Large flat-roof warehouses have the lowest $/W install cost in commercial solar — we typically see 4-year payback after ITC + MACRS. Worth a quick site-specific estimate?","Your roof is the ideal solar substrate — large, flat, unobstructed. We install without disrupting warehouse operations and connect at ground-level switchgear. Quick call to walk through the layout?","Warehouse Scope 2 emissions are an easy win — your flat-roof footprint generates enough solar to offset 60-80% of your grid consumption with zero operational changes.","Warehouse building. Roof-suitable for rooftop PV. Verify ownership + contact before outreach."
"Czs Commissary","Chicago","IL","osm_industrial","osm-31466797","https://www.openstreetmap.org/way/osm-31466797","493110","Warehousing / Cold Storage","84","moderate","corporate","direct_purchase","daytime_peak","2000","3013440","331478","1.1","5594604","Distribution centers are the easiest commercial solar installs we do — large clear flat roofs, ground-level interconnect.","Large flat-roof warehouses have the lowest $/W install cost in commercial solar — we typically see 4-year payback after ITC + MACRS. Worth a quick site-specific estimate?","Your roof is the ideal solar substrate — large, flat, unobstructed. We install without disrupting warehouse operations and connect at ground-level switchgear. Quick call to walk through the layout?","Warehouse Scope 2 emissions are an easy win — your flat-roof footprint generates enough solar to offset 60-80% of your grid consumption with zero operational changes.","Warehouse building. Roof-suitable for rooftop PV. Verify ownership + contact before outreach."
"Continental Paper Grading Company","Chicago","IL","osm_industrial","osm-56393272","https://www.openstreetmap.org/way/osm-56393272","493110","Warehousing / Cold Storage","84","moderate","corporate","direct_purchase","daytime_peak","2000","3013440","331478","1.1","5594604","Distribution centers are the easiest commercial solar installs we do — large clear flat roofs, ground-level interconnect.","Large flat-roof warehouses have the lowest $/W install cost in commercial solar — we typically see 4-year payback after ITC + MACRS. Worth a quick site-specific estimate?","Your roof is the ideal solar substrate — large, flat, unobstructed. We install without disrupting warehouse operations and connect at ground-level switchgear. Quick call to walk through the layout?","Warehouse Scope 2 emissions are an easy win — your flat-roof footprint generates enough solar to offset 60-80% of your grid consumption with zero operational changes.","Warehouse building. Roof-suitable for rooftop PV. Verify ownership + contact before outreach."
"Bosch","Atlanta","GA","osm_industrial","osm-89503352","https://www.openstreetmap.org/way/osm-89503352","493110","Warehousing / Cold Storage","84","moderate","corporate","direct_purchase","daytime_peak","2000","3013440","391747","5.1","5069746","Distribution centers are the easiest commercial solar installs we do — large clear flat roofs, ground-level interconnect.","Large flat-roof warehouses have the lowest $/W install cost in commercial solar — we typically see 4-year payback after ITC + MACRS. Worth a quick site-specific estimate?","Your roof is the ideal solar substrate — large, flat, unobstructed. We install without disrupting warehouse operations and connect at ground-level switchgear. Quick call to walk through the layout?","Warehouse Scope 2 emissions are an easy win — your flat-roof footprint generates enough solar to offset 60-80% of your grid consumption with zero operational changes.","Warehouse building. Roof-suitable for rooftop PV. Verify ownership + contact before outreach."
"Marshalls Distribution","Atlanta","GA","osm_industrial","osm-96601005","https://www.openstreetmap.org/way/osm-96601005","493110","Warehousing / Cold Storage","84","moderate","corporate","direct_purchase","daytime_peak","2000","3013440","391747","5.1","5069746","Distribution centers are the easiest commercial solar installs we do — large clear flat roofs, ground-level interconnect.","Large flat-roof warehouses have the lowest $/W install cost in commercial solar — we typically see 4-year payback after ITC + MACRS. Worth a quick site-specific estimate?","Your roof is the ideal solar substrate — large, flat, unobstructed. We install without disrupting warehouse operations and connect at ground-level switchgear. Quick call to walk through the layout?","Warehouse Scope 2 emissions are an easy win — your flat-roof footprint generates enough solar to offset 60-80% of your grid consumption with zero operational changes.","Warehouse building. Roof-suitable for rooftop PV. Verify ownership + contact before outreach."
"Space Shop Self Storage","Atlanta","GA","osm_industrial","osm-128304233","https://www.openstreetmap.org/way/osm-128304233","493110","Warehousing / Cold Storage","84","moderate","corporate","direct_purchase","daytime_peak","2000","3013440","391747","5.1","5069746","Distribution centers are the easiest commercial solar installs we do — large clear flat roofs, ground-level interconnect.","Large flat-roof warehouses have the lowest $/W install cost in commercial solar — we typically see 4-year payback after ITC + MACRS. Worth a quick site-specific estimate?","Your roof is the ideal solar substrate — large, flat, unobstructed. We install without disrupting warehouse operations and connect at ground-level switchgear. Quick call to walk through the layout?","Warehouse Scope 2 emissions are an easy win — your flat-roof footprint generates enough solar to offset 60-80% of your grid consumption with zero operational changes.","Warehouse building. Roof-suitable for rooftop PV. Verify ownership + contact before outreach."
"Georgia International Convention Center","Atlanta","GA","osm_industrial","osm-198558215","https://www.openstreetmap.org/way/osm-198558215","493110","Warehousing / Cold Storage","84","moderate","corporate","direct_purchase","daytime_peak","2000","3013440","391747","5.1","5069746","Distribution centers are the easiest commercial solar installs we do — large clear flat roofs, ground-level interconnect.","Large flat-roof warehouses have the lowest $/W install cost in commercial solar — we typically see 4-year payback after ITC + MACRS. Worth a quick site-specific estimate?","Your roof is the ideal solar substrate — large, flat, unobstructed. We install without disrupting warehouse operations and connect at ground-level switchgear. Quick call to walk through the layout?","Warehouse Scope 2 emissions are an easy win — your flat-roof footprint generates enough solar to offset 60-80% of your grid consumption with zero operational changes.","Warehouse building. Roof-suitable for rooftop PV. Verify ownership + contact before outreach."